{
  "STEREO_A": {
    "rotation_matrix": [
      [-0.3812462159958065, -0.009344080209347252, 0.9244263145075005],
      [0.05104332974178706, 0.998210811804828, 0.031140868401784233],
      [-0.9230633246304123, 0.05905813543439492, -0.3800871417994334]
    ],
    "translation_vector": [
      [-7479.174923873579],
      [-358.6280085643119],
      [10533.588396706331]
    ],
    "essential_matrix": [
      [-206.6330640063856, -10535.921726194501, -191.71519531596115],
      [-10919.64278782478, 343.2794307205827, 6894.7880802731015],
      [-518.4875630510398, -7469.144321267501, 98.61716617799942]
    ],
    "fundamental_matrix": [
      [5.10271580573341e-9, 2.604846200462414e-7, -0.0002716429425207206],
      [2.695268368284359e-7, -8.482997698968375e-9, -0.0008132542877942649],
      [-0.00026644321173442464, -0.00019102965291817239, 1.0]
    ],
    "reprojection_error": 0.8652968452408533,
    "num_valid_pairs": 9
  },
  "STEREO_B": {
    "rotation_matrix": [
      [-0.3913643467228454, 0.029195691831716466, -0.9197725586756044],
      [-0.03418060312284997, 0.9983456986163655, 0.04623367197573474],
      [0.9196008016984102, 0.049532591620760826, -0.3897189857871595]
    ],
    "translation_vector": [
      [7572.03313016529],
      [-424.95230731936635],
      [11994.106223886112]
    ],
    "essential_matrix": [
      [19.179302157477423, -11995.31334646123, -388.9195905808522],
      [-11657.313283822525, -24.886195665897162, -8080.884698735934],
      [-425.12784139766075, 7571.913481888804, -40.776575088777406]
    ],
    "fundamental_matrix": [
      [-4.193373081192311e-10, 2.632571412022808e-7, -0.000267832833745595],
      [2.5782281911077775e-7, 5.524834309312171e-10, -0.00018586491654926823],
      [-0.0002588583442112439, -0.0007991485948873274, 1.0]
    ],
    "reprojection_error": 1.0724227405817577,
    "num_valid_pairs": 9
  }
}
