{
  "STEREO_A": {
    "rotation_matrix": [
      [-0.3812462159958065, -0.009344080209347252, 0.9244263145075005],
      [0.05104332974178706, 0.998210811804828, 0.031140868401784233],
      [-0.9230633246304123, 0.05905813543439492, -0.3800871417994334]
    ],
    "translation_vector": [
      [-7479.174923873579],
      [-358.6280085643119],
      [10533.588396706331]
    ],
    "essential_matrix": [
      [-206.6330640063856, -10535.921726194501, -191.71519531596115],
      [-10919.64278782478, 343.2794307205827, 6894.7880802731015],
      [-518.4875630510398, -7469.144321267501, 98.61716617799942]
    ],
    "fundamental_matrix": [
      [5.10271580573341e-9, 2.604846200462414e-7, -0.0002716429425207206],
      [2.695268368284359e-7, -8.482997698968375e-9, -0.0008132542877942649],
      [-0.00026644321173442464, -0.00019102965291817239, 1.0]
    ],
    "reprojection_error": 0.8652968452408533,
    "num_valid_pairs": 9
  },
  "STEREO_B": {
    "rotation_matrix": [
      [-0.3394331085384404, -0.060877669818044, -0.938658124210011],
      [-0.06487804853360009, 0.9970421875753918, -0.04120333740546645],
      [0.9383901127177349, 0.04691253044125945, -0.3423787534897496]
    ],
    "translation_vector": [
      [7889.009025823427],
      [-506.6348906583635],
      [10329.058911593116]
    ],
    "essential_matrix": [
      [194.70801322111367, -10322.275017540509, 599.0527217533373],
      [-10908.992643612404, -998.9024140264028, -6994.4259862798845],
      [-683.7921662895826, 7834.832065317199, -800.6104568104963]
    ],
    "fundamental_matrix": [
      [-4.728161121730125e-9, 2.472146486800657e-7, -0.00024372717579116757],
      [2.6618326167178717e-7, 2.4038617623039923e-8, -0.00025615472529321576],
      [-0.00025554973891743043, -0.0007752261458160571, 1.0]
    ],
    "reprojection_error": 1.5139974532044471,
    "num_valid_pairs": 9
  }
}
