{
    "rotation_vector": [
        -0.11840816603653696,
        0.7041839454239419,
        0.5598662230373979
    ],
    "translation_vector": [
        2767.048387588815,
        1093.413663364923,
        -1348.0732410485552
    ],
    "num_groups_used": 3
}