{
  "CAM_1": {
    "fx": 1642.908043578148,
    "fy": 1640.9874922840945,
    "cx": 2012.510526383087,
    "cy": 1033.273037130167,
    "D": [
      -0.028763517975339933, -0.04290982799387379, -0.01179630294912231,
      0.016357902448308464, 0.07705503715794507
    ],
    "K": [
      [1642.908043578148, 0.0, 2012.510526383087],
      [0.0, 1640.9874922840945, 1033.273037130167],
      [0.0, 0.0, 1.0]
    ],
    "reprojection_error": 0.582,
    "K_undistort": [
      [1727.835551499131, 0.0, 2040.8320515173777],
      [0.0, 1589.9008437192542, 1003.9891081598358],
      [0.0, 0.0, 1.0]
    ],
    "roi_undistort": [405, 232, 3275, 1621],
    "count_bfore": 45,
    "count_after": 26
  },
  "CAM_2": {
    "fx": 1593.23007596496,
    "fy": 1593.9932531622119,
    "cx": 1896.3272569438184,
    "cy": 1028.3437576330757,
    "D": [
      -0.031839501708034734, -0.05120835328020468, -0.007548069256224523,
      -0.0031756310774386266, 0.06458674926936757
    ],
    "K": [
      [1593.23007596496, 0.0, 1896.3272569438184],
      [0.0, 1593.9932531622119, 1028.3437576330757],
      [0.0, 0.0, 1.0]
    ],
    "reprojection_error": 0.515,
    "K_undistort": [
      [1638.5833961129085, 0.0, 1891.060982562312],
      [0.0, 1548.2928087084706, 1008.4641134536487],
      [0.0, 0.0, 1.0]
    ],
    "roi_undistort": [215, 158, 3347, 1783],
    "count_bfore": 99,
    "count_after": 30
  },
  "CAM_3": {
    "fx": 1679.6866322713292,
    "fy": 1703.0913092913709,
    "cx": 1955.7884583854063,
    "cy": 924.4600016943465,
    "D": [
      -0.03949406985621692, 0.29032573902604863, -0.0270532549035133,
      0.0030889349156754523, -0.4729877254602195
    ],
    "K": [
      [1679.6866322713292, 0.0, 1955.7884583854063],
      [0.0, 1703.0913092913709, 924.4600016943465],
      [0.0, 0.0, 1.0]
    ],
    "reprojection_error": 0.614,
    "K_undistort": [
      [1679.6866322713295, 0.0, 1955.7884583854066],
      [0.0, 1403.564532451471, 761.8729911716224],
      [0.0, 0.0, 1.0]
    ],
    "roi_undistort": [0, 35, 3839, 1744],
    "count_bfore": 80,
    "count_after": 27
  },
  "CAM_4": {
    "fx": 1496.126025864449,
    "fy": 1488.951414221718,
    "cx": 1894.5491152946854,
    "cy": 1087.0341053880038,
    "D": [
      0.07685266415886617, -0.36991630403040876, -0.0006860825591070087,
      -0.00045666661674681757, 0.32647743303532717
    ],
    "K": [
      [1496.126025864449, 0.0, 1894.5491152946854],
      [0.0, 1488.951414221718, 1087.0341053880038],
      [0.0, 0.0, 1.0]
    ],
    "reprojection_error": 0.707,
    "K_undistort": [
      [2014.3459387836117, 0.0, 1893.8539261285212],
      [0.0, 1463.917122146781, 1085.1502142787738],
      [0.0, 0.0, 1.0]
    ],
    "roi_undistort": [941, 720, 1851, 733],
    "count_bfore": 94,
    "count_after": 26
  }
}
