{
    "LEFT_CAM_A": {
        "fx": 1664.262223296632,
        "fy": 1674.0224375413281,
        "cx": 1909.3164410278362,
        "cy": 1060.9036722529374,
        "D": [
            -0.060868117525704486,
            0.11893053236468289,
            -0.001257902014961629,
            -0.0056969580572269985,
            -0.09266167681992382
        ],
        "K": [
            [
                1664.262223296632,
                0.0,
                1909.3164410278362
            ],
            [
                0.0,
                1674.0224375413281,
                1060.9036722529374
            ],
            [
                0.0,
                0.0,
                1.0
            ]
        ],
        "reprojection_error": 0.712,
        "K_undistort": [
            [
                1366.0275575743908,
                0.0,
                1567.168225093463
            ],
            [
                0.0,
                1060.7128109731423,
                843.3235010168614
            ],
            [
                0.0,
                0.0,
                1.0
            ]
        ],
        "roi_undistort": [
            0,
            171,
            3151,
            1368
        ],
        "count_bfore": 50,
        "count_after": 26
    },
    "LEFT_CAM_B": {
        "fx": 1621.1361689509747,
        "fy": 1625.1603810515107,
        "cx": 1965.154008519381,
        "cy": 1084.978764891054,
        "D": [
            0.021627463383018804,
            -0.12821638663437315,
            0.0012833264234245073,
            0.0026517079736738847,
            0.18254838980834961
        ],
        "K": [
            [
                1621.1361689509747,
                0.0,
                1965.154008519381
            ],
            [
                0.0,
                1625.1603810515107,
                1084.978764891054
            ],
            [
                0.0,
                0.0,
                1.0
            ]
        ],
        "reprojection_error": 0.791,
        "K_undistort": [
            [
                1921.1070535728504,
                0.0,
                1904.1976159993976
            ],
            [
                0.0,
                1625.2998508696437,
                1087.6311963706737
            ],
            [
                0.0,
                0.0,
                1.0
            ]
        ],
        "roi_undistort": [
            628,
            493,
            2654,
            1184
        ],
        "count_bfore": 35,
        "count_after": 25
    },
    "RIGHT_CAM_A": {
        "fx": 1587.2795966688107,
        "fy": 1603.2282576081725,
        "cx": 1940.9553202358818,
        "cy": 1008.9601301110795,
        "D": [
            0.12187697862757517,
            -0.5055972836008285,
            -0.01531407793829485,
            0.01229842564071875,
            0.5589242417591878
        ],
        "K": [
            [
                1587.2795966688107,
                0.0,
                1940.9553202358818
            ],
            [
                0.0,
                1603.2282576081725,
                1008.9601301110795
            ],
            [
                0.0,
                0.0,
                1.0
            ]
        ],
        "reprojection_error": 0.317,
        "K_undistort": [
            [
                2211.64187682825,
                0.0,
                1978.8473832395946
            ],
            [
                0.0,
                1598.3385276842532,
                979.8011269264415
            ],
            [
                0.0,
                0.0,
                1.0
            ]
        ],
        "roi_undistort": [
            1195,
            667,
            1571,
            653
        ],
        "count_bfore": 50,
        "count_after": 28
    },
    "RIGHT_CAM_B": {
        "fx": 1661.3588559815864,
        "fy": 1651.770076375925,
        "cx": 1830.7438344899965,
        "cy": 1077.6890251436012,
        "D": [
            -0.08043249866394915,
            0.0783679856228353,
            -0.001872061179847021,
            -0.012652129577415237,
            -0.0460508000660553
        ],
        "K": [
            [
                1661.3588559815864,
                0.0,
                1830.7438344899965
            ],
            [
                0.0,
                1651.770076375925,
                1077.6890251436012
            ],
            [
                0.0,
                0.0,
                1.0
            ]
        ],
        "reprojection_error": 0.64,
        "K_undistort": [
            [
                1384.7581946187086,
                0.0,
                1754.789510196781
            ],
            [
                0.0,
                1116.6393932204492,
                992.1700340602727
            ],
            [
                0.0,
                0.0,
                1.0
            ]
        ],
        "roi_undistort": [
            229,
            264,
            3200,
            1460
        ],
        "count_bfore": 50,
        "count_after": 25
    }
}