{
    "LEFT_CAM_A": {
        "fx": 1628.761525228612,
        "fy": 1636.4067779435973,
        "cx": 1908.9824487459382,
        "cy": 1060.561632000705,
        "D": [
            -0.05966317176744346,
            0.1151413686632796,
            0.0001107992766957603,
            -0.003692122459698692,
            -0.0979318829740669
        ],
        "K": [
            [
                1628.761525228612,
                0.0,
                1908.9824487459382
            ],
            [
                0.0,
                1636.4067779435973,
                1060.561632000705
            ],
            [
                0.0,
                0.0,
                1.0
            ]
        ],
        "reprojection_error": 3.485,
        "num_images": 48,
        "K_undistort": [
            [
                1525.3289393142882,
                0.0,
                2031.5459444413684
            ],
            [
                0.0,
                1280.366610749098,
                1270.0470738038216
            ],
            [
                0.0,
                0.0,
                1.0
            ]
        ],
        "roi_undistort": [
            244,
            440,
            3595,
            1689
        ]
    },
    "LEFT_CAM_B": {
        "fx": 2776.01880757159,
        "fy": 2746.279309185659,
        "cx": 1904.7750496527424,
        "cy": 1126.3303579453006,
        "D": [
            0.3125689781439568,
            -1.2124499437941565,
            -0.03796938924249157,
            0.024732884054005637,
            6.9194465734857244
        ],
        "K": [
            [
                2776.01880757159,
                0.0,
                1904.7750496527424
            ],
            [
                0.0,
                2746.279309185659,
                1126.3303579453006
            ],
            [
                0.0,
                0.0,
                1.0
            ]
        ],
        "reprojection_error": 2.327,
        "num_images": 42,
        "K_undistort": [
            [
                3849.751486123789,
                0.0,
                1977.633911566235
            ],
            [
                0.0,
                2856.967403352414,
                1081.4479650940443
            ],
            [
                0.0,
                0.0,
                1.0
            ]
        ],
        "roi_undistort": [
            774,
            624,
            2291,
            984
        ]
    },
    "RIGHT_CAM_A": {
        "fx": 1552.1151177789152,
        "fy": 1561.547174831025,
        "cx": 1991.5154837893765,
        "cy": 1005.6885181316023,
        "D": [
            0.01681735481277455,
            0.13041926893568073,
            -0.017098363362861926,
            0.015465385992283264,
            -0.709272949944976
        ],
        "K": [
            [
                1552.1151177789152,
                0.0,
                1991.5154837893765
            ],
            [
                0.0,
                1561.547174831025,
                1005.6885181316023
            ],
            [
                0.0,
                0.0,
                1.0
            ]
        ],
        "reprojection_error": 3.676,
        "num_images": 48,
        "K_undistort": [
            [
                1374.4747616900195,
                0.0,
                2202.9610161272194
            ],
            [
                0.0,
                1440.6373587737069,
                1094.9888488402091
            ],
            [
                0.0,
                0.0,
                1.0
            ]
        ],
        "roi_undistort": [
            439,
            178,
            3400,
            1981
        ]
    },
    "RIGHT_CAM_B": {
        "fx": 1675.9968400027967,
        "fy": 1695.4410371230458,
        "cx": 1899.1800320337704,
        "cy": 1027.846937111297,
        "D": [
            -0.179701590826434,
            0.5193447224733253,
            -0.005128582665657546,
            -0.014314231258973886,
            -0.7091184501029429
        ],
        "K": [
            [
                1675.9968400027967,
                0.0,
                1899.1800320337704
            ],
            [
                0.0,
                1695.4410371230458,
                1027.846937111297
            ],
            [
                0.0,
                0.0,
                1.0
            ]
        ],
        "reprojection_error": 4.372,
        "num_images": 46,
        "K_undistort": [
            [
                1675.9968400027965,
                0.0,
                1899.1800320337702
            ],
            [
                0.0,
                1518.1630919286645,
                968.2399052858341
            ],
            [
                0.0,
                0.0,
                1.0
            ]
        ],
        "roi_undistort": [
            0,
            48,
            3839,
            1933
        ]
    }
}