{
  "CAM_1": {
    "fx": 1609.415114768512,
    "fy": 1613.4044885400797,
    "cx": 2003.7763883864002,
    "cy": 1020.4532244360195,
    "D": [
      -0.030047875061646585, -0.03066759208765245, -0.012341117120100616,
      0.017341144968508478, 0.058372904171962774
    ],
    "K": [
      [1609.415114768512, 0.0, 2003.7763883864002],
      [0.0, 1613.4044885400797, 1020.4532244360195],
      [0.0, 0.0, 1.0]
    ],
    "reprojection_error": 0.35,
    "K_undistort": [
      [1677.4082870974162, 0.0, 2048.2027801617933],
      [0.0, 1559.7062020593582, 988.9567383755232],
      [0.0, 0.0, 1.0]
    ],
    "roi_undistort": [318, 182, 3386, 1725],
    "count_bfore": 45,
    "count_after": 45
  },
  "CAM_2": {
    "fx": 1625.6903155682924,
    "fy": 1628.5577840445249,
    "cx": 1879.7165821667143,
    "cy": 1007.3910368504297,
    "D": [
      -0.024746943023558093, -0.027197044563071975, -0.01224891781828425,
      -0.006820544297069948, 0.025149250628048195
    ],
    "K": [
      [1625.6903155682924, 0.0, 1879.7165821667143],
      [0.0, 1628.5577840445249, 1007.3910368504297],
      [0.0, 0.0, 1.0]
    ],
    "reprojection_error": 0.481,
    "K_undistort": [
      [1594.3384262499028, 0.0, 1845.1974177039197],
      [0.0, 1563.6725164217532, 969.1239571591782],
      [0.0, 0.0, 1.0]
    ],
    "roi_undistort": [61, 54, 3703, 2042],
    "count_bfore": 99,
    "count_after": 94
  },
  "CAM_3": {
    "fx": 1648.1686799628073,
    "fy": 1653.9338667790073,
    "cx": 1946.3594971398693,
    "cy": 1014.4015891614868,
    "D": [
      0.06784991974116246, -0.1506271437897215, -0.013668028695673918,
      0.005147789059073675, 0.0699863954927894
    ],
    "K": [
      [1648.1686799628073, 0.0, 1946.3594971398693],
      [0.0, 1653.9338667790073, 1014.4015891614868],
      [0.0, 0.0, 1.0]
    ],
    "reprojection_error": 0.483,
    "K_undistort": [
      [1628.8135890536441, 0.0, 1971.8300040827332],
      [0.0, 1610.4711394934407, 969.1440354953127],
      [0.0, 0.0, 1.0]
    ],
    "roi_undistort": [83, 45, 3689, 2051],
    "count_bfore": 80,
    "count_after": 80
  },
  "CAM_4": {
    "fx": 1618.6052367702896,
    "fy": 1617.482287663037,
    "cx": 1929.9891003564871,
    "cy": 1074.7157683241614,
    "D": [
      0.06819742594597598, -0.24243972878431186, -0.0020912747126390348,
      0.004387139522388805, 0.2015634041073735
    ],
    "K": [
      [1618.6052367702896, 0.0, 1929.9891003564871],
      [0.0, 1617.482287663037, 1074.7157683241614],
      [0.0, 0.0, 1.0]
    ],
    "reprojection_error": 0.376,
    "K_undistort": [
      [1801.6461083716845, 0.0, 1930.7107413457002],
      [0.0, 1609.4523506957855, 1069.66527467],
      [0.0, 0.0, 1.0]
    ],
    "roi_undistort": [596, 406, 2695, 1333],
    "count_bfore": 94,
    "count_after": 76
  }
}
