{
    "LEFT_CAM_A": {
        "fx": 1384.3630083744224,
        "fy": 1390.3433427604655,
        "cx": 1908.9551932730442,
        "cy": 1076.340219409476,
        "D": [
            -0.024236827882604735,
            -0.04781694080116438,
            0.00889184540651772,
            0.003192984855347536,
            0.044817332844559646
        ],
        "K": [
            [
                1384.3630083744224,
                0.0,
                1908.9551932730442
            ],
            [
                0.0,
                1390.3433427604655,
                1076.340219409476
            ],
            [
                0.0,
                0.0,
                1.0
            ]
        ],
        "reprojection_error": 3.752,
        "num_images": 50,
        "K_undistort": [
            [
                1469.1364575149971,
                0.0,
                1931.5162142658335
            ],
            [
                0.0,
                1348.5602674768388,
                1102.7813986344431
            ],
            [
                0.0,
                0.0,
                1.0
            ]
        ],
        "roi_undistort": [
            459,
            341,
            2914,
            1489
        ]
    },
    "LEFT_CAM_B": {
        "fx": 1612.7336626525798,
        "fy": 1616.154910035191,
        "cx": 1926.830509959547,
        "cy": 1084.3283467743147,
        "D": [
            -0.021919149474621674,
            -0.037822586070102596,
            -9.477268420740462e-05,
            0.0011100335371405146,
            0.1099930582560275
        ],
        "K": [
            [
                1612.7336626525798,
                0.0,
                1926.830509959547
            ],
            [
                0.0,
                1616.154910035191,
                1084.3283467743147
            ],
            [
                0.0,
                0.0,
                1.0
            ]
        ],
        "reprojection_error": 3.206,
        "num_images": 35,
        "K_undistort": [
            [
                1813.1861940311537,
                0.0,
                1924.2103166444067
            ],
            [
                0.0,
                1604.0746915725633,
                1084.072207161865
            ],
            [
                0.0,
                0.0,
                1.0
            ]
        ],
        "roi_undistort": [
            470,
            363,
            2920,
            1441
        ]
    },
    "RIGHT_CAM_A": {
        "fx": 1491.2712352828808,
        "fy": 1500.201235633346,
        "cx": 1967.8801609641641,
        "cy": 1014.1620031610714,
        "D": [
            0.0831786167953999,
            -0.39032574718616675,
            -0.010391620475669628,
            0.012842856246179835,
            0.34600339597652024
        ],
        "K": [
            [
                1491.2712352828808,
                0.0,
                1967.8801609641641
            ],
            [
                0.0,
                1500.201235633346,
                1014.1620031610714
            ],
            [
                0.0,
                0.0,
                1.0
            ]
        ],
        "reprojection_error": 3.693,
        "num_images": 50,
        "K_undistort": [
            [
                2016.5648360525827,
                0.0,
                2013.8100315623617
            ],
            [
                0.0,
                1462.4645535349366,
                990.6373694799289
            ],
            [
                0.0,
                0.0,
                1.0
            ]
        ],
        "roi_undistort": [
            1197,
            666,
            1692,
            670
        ]
    },
    "RIGHT_CAM_B": {
        "fx": 1677.2389051608966,
        "fy": 1698.8392808256835,
        "cx": 1935.6771393234826,
        "cy": 1060.0261104676954,
        "D": [
            -0.07595120080596288,
            0.09466603993264205,
            -0.00221960246985428,
            -0.013937279996851439,
            -0.1280086899414168
        ],
        "K": [
            [
                1677.2389051608966,
                0.0,
                1935.6771393234826
            ],
            [
                0.0,
                1698.8392808256835,
                1060.0261104676954
            ],
            [
                0.0,
                0.0,
                1.0
            ]
        ],
        "reprojection_error": 4.18,
        "num_images": 50,
        "K_undistort": [
            [
                673.6967308360762,
                0.0,
                2859.581486219995
            ],
            [
                0.0,
                679.7614931952425,
                466.34206507082735
            ],
            [
                0.0,
                0.0,
                1.0
            ]
        ],
        "roi_undistort": [
            2082,
            42,
            1542,
            864
        ]
    }
}