{
    "stereo_left": {
        "rotation_matrix": [
            [
                0.44685186797011744,
                -0.01696136060367611,
                0.8944471590530593
            ],
            [
                -0.014830425002661239,
                0.9995424120642284,
                0.026363326403634636
            ],
            [
                -0.894485028709736,
                -0.025045533160549863,
                0.44639584975988145
            ]
        ],
        "translation_vector": [
            [
                182.79791549055133
            ],
            [
                3.656006096936827
            ],
            [
                -221.99213146508572
            ]
        ],
        "essential_matrix": [
            [
                -6.562480375455376,
                221.79898392195508,
                7.484476969222048
            ],
            [
                64.31240006580427,
                8.343559847055989,
                -280.1604621408188
            ],
            [
                -4.344663930051788,
                182.77628020751806,
                1.549056845095616
            ]
        ],
        "fundamental_matrix": [
            [
                -8.603389787980885e-09,
                2.890823755227712e-07,
                -0.0002739320125124575
            ],
            [
                8.410456486592994e-08,
                1.084767629694079e-08,
                -0.0007818428741137033
            ],
            [
                -8.357841298713144e-05,
                -0.0001936705598246269,
                1.0
            ]
        ],
        "reprojection_error": 0.5839885339141655,
        "num_valid_pairs": 25
    },
    "stereo_right": {
        "rotation_matrix": [
            [
                0.44020536387612297,
                0.049333378380597155,
                -0.8965408275099618
            ],
            [
                -0.040475080999709055,
                0.9985647630747981,
                0.03507394707527527
            ],
            [
                0.896984395311734,
                0.020847822978168458,
                0.44157033736916
            ]
        ],
        "translation_vector": [
            [
                -69.40915547820214
            ],
            [
                -14.678738558409238
            ],
            [
                -549.6333209251386
            ]
        ],
        "essential_matrix": [
            [
                -35.413052614337815,
                548.5384471446171,
                12.796114471545636
            ],
            [
                -179.69260668057922,
                -25.66823880531032,
                523.4177365702903
            ],
            [
                9.271000638448648,
                -68.58538513186089,
                -15.594541459740617
            ]
        ],
        "fundamental_matrix": [
            [
                8.362695439539248e-08,
                -1.282472506315323e-06,
                0.0010836835472935787
            ],
            [
                4.268025262178376e-07,
                6.036023452732538e-08,
                -0.0028626308104416124
            ],
            [
                -0.0006494324149198271,
                0.002549230177365854,
                1.0
            ]
        ],
        "reprojection_error": 1.0121025350464512,
        "num_valid_pairs": 10
    }
}