{
    "stereo_left": {
        "rotation_matrix": [
            [
                0.4514416071016597,
                -0.015642600110576464,
                0.8921635413080111
            ],
            [
                -0.017210319824778553,
                0.9995076894312966,
                0.02623325483502523
            ],
            [
                -0.8921346760825966,
                -0.027197202604149078,
                0.450950143476537
            ]
        ],
        "translation_vector": [
            [
                241.54020845443813
            ],
            [
                -4.174549374813741
            ],
            [
                -200.3414712776837
            ]
        ],
        "essential_matrix": [
            [
                0.2763194594346401,
                200.35637711915194,
                3.37309523052922
            ],
            [
                125.04391986771448,
                9.703079507145102,
                -287.659948143837
            ],
            [
                -2.2724189593534163,
                241.35599485053714,
                10.060766594889362
            ]
        ],
        "fundamental_matrix": [
            [
                3.392973139286187e-10,
                2.445865671678743e-07,
                -0.0002532374381598889
            ],
            [
                1.5316332979816196e-07,
                1.1815777127813359e-08,
                -0.0008913718704767332
            ],
            [
                -0.00017136925536238263,
                -1.582318092476981e-05,
                1.0
            ]
        ],
        "reprojection_error": 0.7706585879216726,
        "num_valid_pairs": 8
    },
    "stereo_right": {
        "rotation_matrix": [
            [
                0.4387190092195187,
                0.04888692717323586,
                -0.8972935413235751
            ],
            [
                -0.04043549342138245,
                0.9985816876777398,
                0.03463500983753356
            ],
            [
                0.8977140980408033,
                0.021087469887007382,
                0.44007353566483787
            ]
        ],
        "translation_vector": [
            [
                -200.21701837563063
            ],
            [
                -0.7578936307015938
            ],
            [
                -362.7025088756238
            ]
        ],
        "essential_matrix": [
            [
                -15.346426708655347,
                362.17210137885587,
                12.228676033284621
            ],
            [
                20.613154728150846,
                -13.509340791090038,
                413.5608298127895
            ],
            [
                8.42837627213181,
                -199.89599702061312,
                -7.614571460920419
            ]
        ],
        "fundamental_matrix": [
            [
                -8.82257192235251e-08,
                2.0613939905567517e-06,
                -0.0017970333174174445
            ],
            [
                1.1919176688243426e-07,
                -7.733819411602565e-08,
                0.0036424092645046917
            ],
            [
                0.00011356692570488158,
                -0.005580763068193064,
                1.0
            ]
        ],
        "reprojection_error": 0.702719305141878,
        "num_valid_pairs": 5
    }
}