{
    "stereo_left": {
        "rotation_matrix": [
            [
                0.4507929137955529,
                -0.016829093428774755,
                0.892469904526803
            ],
            [
                -0.014638908791364454,
                0.99954841573204,
                0.026242464765467544
            ],
            [
                -0.8925085160496304,
                -0.024894702688207856,
                0.4503429832438299
            ]
        ],
        "translation_vector": [
            [
                282.3656442736616
            ],
            [
                5.575272641820926
            ],
            [
                -130.68346759022972
            ]
        ],
        "essential_matrix": [
            [
                -6.889041674716304,
                130.48565823735967,
                5.940241207581067
            ],
            [
                193.10256101417718,
                9.2286930492293,
                -243.79244845125066
            ],
            [
                -6.646818311748079,
                282.3319591750753,
                2.4342074284732886
            ]
        ],
        "fundamental_matrix": [
            [
                -1.1142448201776108e-08,
                2.098191257863752e-07,
                -0.000185333451568529
            ],
            [
                3.115538443618848e-07,
                1.4802864470314835e-08,
                -0.0012651759979196565
            ],
            [
                -0.00033356098203145035,
                0.00030758522158180936,
                1.0
            ]
        ],
        "reprojection_error": 1.5904793505492523,
        "num_valid_pairs": 34
    },
    "stereo_right": {
        "rotation_matrix": [
            [
                0.44244880294178324,
                0.04903648214180662,
                -0.8954521093808085
            ],
            [
                -0.04013239199038592,
                0.9985862745153417,
                0.03485460461260152
            ],
            [
                0.8958953331101314,
                0.02051525697443383,
                0.4437912531165524
            ]
        ],
        "translation_vector": [
            [
                -135.20282296893203
            ],
            [
                -12.200465512068261
            ],
            [
                -510.148389434969
            ]
        ],
        "essential_matrix": [
            [
                -31.403815252101293,
                509.17688397067957,
                12.366560529305254
            ],
            [
                -104.5869661069992,
                -22.242161731322742,
                516.8152816470429
            ],
            [
                10.824094050743046,
                -134.41341538329885,
                -15.637373515299016
            ]
        ],
        "fundamental_matrix": [
            [
                1.5489327979428184e-07,
                -2.4864338862958046e-06,
                0.0021112545208525325
            ],
            [
                5.188497165742119e-07,
                1.0924437591785354e-07,
                -0.005186897408210769
            ],
            [
                -0.0009314247941653775,
                0.005524763503768842,
                1.0
            ]
        ],
        "reprojection_error": 0.9161476069719734,
        "num_valid_pairs": 11
    }
}