{
  "stereo_left": {
    "rotation_matrix": [
      [0.45090120526187505, -0.016938812214294316, 0.8924131216730049],
      [-0.014491862850617779, 0.9995491904562325, 0.02629451976000814],
      [-0.892456211253251, -0.02478895921694672, 0.4504524597517847]
    ],
    "translation_vector": [
      [281.67481894430654],
      [5.8428985786631324],
      [-133.4786320804718]
    ],
    "essential_matrix": [
      [-7.148885157848972, 133.27361926466565, 6.141704565617838],
      [191.19676563869015, 9.243395082683259, -245.99919777517783],
      [-6.716562855955587, 281.64680900949855, 2.192224732424253]
    ],
    "fundamental_matrix": [
      [-1.1471204708498227e-8, 2.1260593408558587e-7, -0.0001872508388580769],
      [3.06037411415353e-7, 1.470909575944562e-8, -0.0012552411624667465],
      [-0.0003269731941941003, 0.00029461336097848516, 1.0]
    ],
    "reprojection_error": 1.6103245875085668,
    "num_valid_pairs": 32
  },
  "stereo_right": {
    "rotation_matrix": [
      [0.44244884250309907, 0.0490364566523282, -0.8954520912291467],
      [-0.04013237827210425, 0.9985862758568937, 0.03485458197259439],
      [0.8958953141868152, 0.020515252600051152, 0.44379129151985797]
    ],
    "translation_vector": [
      [-135.20219484598928],
      [-12.200506904189856],
      [-510.14989526891475]
    ],
    "essential_matrix": [
      [-31.403905538574037, 509.1783875643818, 12.366582626753473],
      [-104.58821783451398, -22.242236046197103, 516.8163472259009],
      [10.824085784487856, -134.4127866109908, -15.637385404546661]
    ],
    "fundamental_matrix": [
      [1.5489125686830455e-7, -2.486401607023656e-6, 0.002111227248557311],
      [5.188476583000669e-7, 1.0924300009641726e-7, -0.005186835566069659],
      [-0.0009314173914081702, 0.005524683413595285, 1.0]
    ],
    "reprojection_error": 0.9161362747557085,
    "num_valid_pairs": 11
  }
}
