{
  "CAM_1": {
    "fx": 1612.9119415765979,
    "fy": 1617.04572625683,
    "cx": 1950.3804309194977,
    "cy": 1046.5040660376421,
    "D": [
      -0.028851618666435604, -0.01570282002755221, -0.006233744944870622,
      0.008574255735070263, 0.04431129567627108
    ],
    "K": [
      [1612.9119415765979, 0.0, 1950.3804309194977],
      [0.0, 1617.04572625683, 1046.5040660376421],
      [0.0, 0.0, 1.0]
    ],
    "reprojection_error": 0.278,
    "K_undistort": [
      [1671.7712770036035, 0.0, 1980.1831290009204],
      [0.0, 1584.5319733228666, 1031.1163195900951],
      [0.0, 0.0, 1.0]
    ],
    "roi_undistort": [150, 121, 3573, 1900],
    "count_bfore": 45,
    "count_after": 38
  },
  "CAM_2": {
    "fx": 1580.261968453941,
    "fy": 1578.1519403192615,
    "cx": 1902.9080086618876,
    "cy": 1023.8442639259198,
    "D": [
      -1.1709826625762824e-5, -0.11269728819714366, -0.007159969656929468,
      0.0009697845158603353, 0.11113592635031261
    ],
    "K": [
      [1580.261968453941, 0.0, 1902.9080086618876],
      [0.0, 1578.1519403192615, 1023.8442639259198],
      [0.0, 0.0, 1.0]
    ],
    "reprojection_error": 0.287,
    "K_undistort": [
      [1691.1560170105247, 0.0, 1918.7981567857853],
      [0.0, 1548.8628305206391, 1005.0439879723283],
      [0.0, 0.0, 1.0]
    ],
    "roi_undistort": [497, 283, 2805, 1483],
    "count_bfore": 99,
    "count_after": 67
  },
  "CAM_3": {
    "fx": 1638.431619859236,
    "fy": 1633.1259766351561,
    "cx": 1919.1685667799502,
    "cy": 1077.803801551409,
    "D": [
      0.07731879007394243, -0.20952060524706412, -0.00031203326614704415,
      0.002782465331852916, 0.1494720472367677
    ],
    "K": [
      [1638.431619859236, 0.0, 1919.1685667799502],
      [0.0, 1633.1259766351561, 1077.803801551409],
      [0.0, 0.0, 1.0]
    ],
    "reprojection_error": 0.27,
    "K_undistort": [
      [1736.5558543165298, 0.0, 1930.3179020745108],
      [0.0, 1633.9973156289761, 1077.0173169868897],
      [0.0, 0.0, 1.0]
    ],
    "roi_undistort": [326, 228, 3205, 1699],
    "count_bfore": 80,
    "count_after": 59
  },
  "CAM_4": {
    "fx": 1588.3888550110867,
    "fy": 1584.1540885144998,
    "cx": 1921.5546122435073,
    "cy": 1076.6369858439307,
    "D": [
      0.062172419506876575, -0.2164108848468656, -0.001867863010360648,
      0.0018105721414873094, 0.16257816104138517
    ],
    "K": [
      [1588.3888550110867, 0.0, 1921.5546122435073],
      [0.0, 1584.1540885144998, 1076.6369858439307],
      [0.0, 0.0, 1.0]
    ],
    "reprojection_error": 0.26,
    "K_undistort": [
      [1722.9429067006226, 0.0, 1925.9697930421612],
      [0.0, 1574.2933688976336, 1071.7565270184982],
      [0.0, 0.0, 1.0]
    ],
    "roi_undistort": [535, 358, 2788, 1433],
    "count_bfore": 94,
    "count_after": 48
  }
}
