{
  "STEREO_A": {
    "rotation_matrix": [
      [-0.3302938033096396, -0.018182768985619813, 0.9437030202385012],
      [0.046149533217842306, 0.9983075551581861, 0.03538708659752518],
      [-0.942749290150371, 0.05523958930061898, -0.32889567296465083]
    ],
    "translation_vector": [
      [-7401.0466603697805],
      [-315.9873123396275],
      [10301.91965078691]
    ],
    "essential_matrix": [
      [-177.53196872682548, -10301.939229371, -260.62806306290963],
      [-10379.991708282107, 221.51335279486884, 7287.7804666968705],
      [-445.9234998897826, -7394.266321428072, 36.296701929123174]
    ],
    "fundamental_matrix": [
      [4.525743650301334e-9, 2.619513986733232e-7, -0.0002722438169737892],
      [2.6496631313039113e-7, -5.6400366119283055e-9, -0.0008109369113278477],
      [-0.00026193232262736296, -0.00019557898063679, 0.9999999999999999]
    ],
    "reprojection_error": 0.8347042299420728,
    "num_valid_pairs": 9
  },
  "STEREO_B": {
    "rotation_matrix": [
      [-0.36229160363676705, 0.0304302333704562, -0.9315679228222272],
      [-0.04045927942699546, 0.9980113870645327, 0.04833547349282592],
      [0.9311862545390949, 0.05520210309894859, -0.3603399605523998]
    ],
    "translation_vector": [
      [7544.6850172994145],
      [-454.4843886426098],
      [10952.490310005802]
    ],
    "essential_matrix": [
      [19.9202502673827, -10955.798540178457, -365.62491838455867],
      [-10993.502261164422, -83.19564405291828, -7484.337146308723],
      [-469.90839729278986, 7543.511625089611, -58.707155217529134]
    ],
    "fundamental_matrix": [
      [-4.648691832493661e-10, 2.5650074951949856e-7, -0.00026158554907020515],
      [2.572358210228303e-7, 1.9530105872524133e-9, -0.00020885315012627028],
      [-0.0002586380179393521, -0.0007755100939837931, 1.0]
    ],
    "reprojection_error": 0.9964073040957294,
    "num_valid_pairs": 9
  }
}
