{
  "CAM_1": {
    "fx": 1573.5124496665092,
    "fy": 1580.5907937846932,
    "cx": 1981.8128624196888,
    "cy": 1015.4764976526351,
    "D": [
      -0.025458064374315872, -0.08079005709938601, -0.011376419844899736,
      0.013488070696360956, 0.07431008768777042
    ],
    "K": [
      [1573.5124496665092, 0.0, 1981.8128624196888],
      [0.0, 1580.5907937846932, 1015.4764976526351],
      [0.0, 0.0, 1.0]
    ],
    "reprojection_error": 0.231,
    "K_undistort": [
      [1603.2827587303823, 0.0, 2017.2388320332843],
      [0.0, 1496.9551856189992, 983.4520157975114],
      [0.0, 0.0, 1.0]
    ],
    "roi_undistort": [500, 226, 3116, 1580],
    "count_bfore": 45,
    "count_after": 25
  },
  "CAM_2": {
    "fx": 1646.010901083111,
    "fy": 1638.670831199502,
    "cx": 1916.8464264356394,
    "cy": 1078.1014442411033,
    "D": [
      -0.018690781721680396, 0.02217992128490307, -0.0004400010165065854,
      0.0007904324713776475, -0.0049190697535062234
    ],
    "K": [
      [1646.010901083111, 0.0, 1916.8464264356394],
      [0.0, 1638.670831199502, 1078.1014442411033],
      [0.0, 0.0, 1.0]
    ],
    "reprojection_error": 0.222,
    "K_undistort": [
      [1651.1150699350903, 0.0, 1922.0243260776595],
      [0.0, 1630.678883602639, 1077.0929272982348],
      [0.0, 0.0, 1.0]
    ],
    "roi_undistort": [12, 17, 3815, 2126],
    "count_bfore": 99,
    "count_after": 39
  },
  "CAM_3": {
    "fx": 1665.3612902920943,
    "fy": 1657.4916106337453,
    "cx": 1920.5712890590717,
    "cy": 1077.6944869198135,
    "D": [
      0.07478142489949365, -0.18983582865233153, -0.001436025714840325,
      0.004773444065871622, 0.14885396047389934
    ],
    "K": [
      [1665.3612902920943, 0.0, 1920.5712890590717],
      [0.0, 1657.4916106337453, 1077.6944869198135],
      [0.0, 0.0, 1.0]
    ],
    "reprojection_error": 0.233,
    "K_undistort": [
      [1780.4384443083613, 0.0, 1938.6953485210915],
      [0.0, 1667.0018496113573, 1074.4804111941323],
      [0.0, 0.0, 1.0]
    ],
    "roi_undistort": [288, 209, 3289, 1737],
    "count_bfore": 80,
    "count_after": 43
  },
  "CAM_4": {
    "fx": 1687.0934137774975,
    "fy": 1690.6226933508751,
    "cx": 1922.4857653331535,
    "cy": 1075.478898697628,
    "D": [
      0.1175187250490433, -0.3025397159377452, -0.002205479555766783,
      0.0022668985027799043, 0.25143330229123845
    ],
    "K": [
      [1687.0934137774975, 0.0, 1922.4857653331535],
      [0.0, 1690.6226933508751, 1075.478898697628],
      [0.0, 0.0, 1.0]
    ],
    "reprojection_error": 0.235,
    "K_undistort": [
      [1872.73046502096, 0.0, 1927.1042711234338],
      [0.0, 1712.8654208342098, 1070.7370923968185],
      [0.0, 0.0, 1.0]
    ],
    "roi_undistort": [479, 331, 2902, 1486],
    "count_bfore": 94,
    "count_after": 31
  }
}
