{
  "CAM_1": {
    "fx": 1642.908043578148,
    "fy": 1640.9874922840945,
    "cx": 2012.510526383087,
    "cy": 1033.273037130167,
    "D": [
      -0.028763517975339933, -0.04290982799387379, -0.01179630294912231,
      0.016357902448308464, 0.07705503715794507
    ],
    "K": [
      [1642.908043578148, 0.0, 2012.510526383087],
      [0.0, 1640.9874922840945, 1033.273037130167],
      [0.0, 0.0, 1.0]
    ],
    "reprojection_error": 0.582,
    "K_undistort": [
      [1727.835551499131, 0.0, 2040.8320515173777],
      [0.0, 1589.9008437192542, 1003.9891081598358],
      [0.0, 0.0, 1.0]
    ],
    "roi_undistort": [405, 232, 3275, 1621],
    "count_bfore": 45,
    "count_after": 26
  },
  "CAM_2": {
    "fx": 1593.23007596496,
    "fy": 1593.9932531622119,
    "cx": 1896.3272569438184,
    "cy": 1028.3437576330757,
    "D": [
      -0.031839501708034734, -0.05120835328020468, -0.007548069256224523,
      -0.0031756310774386266, 0.06458674926936757
    ],
    "K": [
      [1593.23007596496, 0.0, 1896.3272569438184],
      [0.0, 1593.9932531622119, 1028.3437576330757],
      [0.0, 0.0, 1.0]
    ],
    "reprojection_error": 0.515,
    "K_undistort": [
      [1638.5833961129085, 0.0, 1891.060982562312],
      [0.0, 1548.2928087084706, 1008.4641134536487],
      [0.0, 0.0, 1.0]
    ],
    "roi_undistort": [215, 158, 3347, 1783],
    "count_bfore": 99,
    "count_after": 30
  },
  "CAM_3": {
    "fx": 1649.4381508720908,
    "fy": 1643.2293130912683,
    "cx": 1861.996578308323,
    "cy": 1073.6248295269133,
    "D": [
      0.04765917124161265, -0.0811009010479358, -0.0023832192453621184,
      -0.009151200860058757, -0.21526908351698
    ],
    "K": [
      [1649.4381508720908, 0.0, 1861.996578308323],
      [0.0, 1643.2293130912683, 1073.6248295269133],
      [0.0, 0.0, 1.0]
    ],
    "reprojection_error": 0.387,
    "K_undistort": [
      [855.0935500588114, 0.0, 2814.0916859544327],
      [0.0, 1551.6408639848426, 1061.444793350544],
      [0.0, 0.0, 1.0]
    ],
    "roi_undistort": [1849, 48, 1990, 2039],
    "count_bfore": 80,
    "count_after": 22
  },
  "CAM_4": {
    "fx": 1770.4253992371775,
    "fy": 1750.1910091680081,
    "cx": 1915.8101211833316,
    "cy": 1070.9597091329194,
    "D": [
      0.25224723290617757, -1.1025192834255197, -0.0033251347732689823,
      0.004116520953872317, 1.5506725376788846
    ],
    "K": [
      [1770.4253992371775, 0.0, 1915.8101211833316],
      [0.0, 1750.1910091680081, 1070.9597091329194],
      [0.0, 0.0, 1.0]
    ],
    "reprojection_error": 0.227,
    "K_undistort": [
      [2546.4912166981544, 0.0, 1927.8323296139076],
      [0.0, 1786.1133450801642, 1065.2727741757935],
      [0.0, 0.0, 1.0]
    ],
    "roi_undistort": [1267, 810, 1298, 515],
    "count_bfore": 94,
    "count_after": 10
  },
  "CAM_3_1080": {
    "fx": 824.7190754360454,
    "fy": 821.6146565456341,
    "cx": 930.9982891541615,
    "cy": 536.8124147634567,
    "D": [
      0.04765917124161265, -0.0811009010479358, -0.0023832192453621184,
      -0.009151200860058757, -0.21526908351698
    ],
    "K": [
      [824.7190754360454, 0.0, 930.9982891541615],
      [0.0, 821.6146565456341, 536.8124147634567],
      [0.0, 0.0, 1.0]
    ],
    "reprojection_error": 0.387,
    "K_undistort": [
      [427.5467750294057, 0.0, 1407.0458429772164],
      [0.0, 775.8204319924213, 530.722396675272],
      [0.0, 0.0, 1.0]
    ],
    "roi_undistort": [924.5, 24.0, 995.0, 1019.5],
    "count_bfore": 80,
    "count_after": 22
  },
  "CAM_4_1080": {
    "fx": 885.2126996185888,
    "fy": 875.0955045840041,
    "cx": 957.9050605916658,
    "cy": 535.4798545664597,
    "D": [
      0.25224723290617757, -1.1025192834255197, -0.0033251347732689823,
      0.004116520953872317, 1.5506725376788846
    ],
    "K": [
      [885.2126996185888, 0.0, 957.9050605916658],
      [0.0, 875.0955045840041, 535.4798545664597],
      [0.0, 0.0, 1.0]
    ],
    "reprojection_error": 0.227,
    "K_undistort": [
      [1273.2456083490772, 0.0, 963.9161648069538],
      [0.0, 893.0566725400821, 532.6363870878968],
      [0.0, 0.0, 1.0]
    ],
    "roi_undistort": [633.5, 405.0, 649.0, 257.5],
    "count_bfore": 94,
    "count_after": 10
  }
}
