{
  "stereo_left": {
    "rotation_matrix": [
      [0.44685186797011744, -0.01696136060367611, 0.8944471590530593],
      [-0.014830425002661239, 0.9995424120642284, 0.026363326403634636],
      [-0.894485028709736, -0.025045533160549863, 0.44639584975988145]
    ],
    "translation_vector": [
      [182.79791549055133],
      [3.656006096936827],
      [-221.99213146508572]
    ],
    "essential_matrix": [
      [-6.562480375455376, 221.79898392195508, 7.484476969222048],
      [64.31240006580427, 8.343559847055989, -280.1604621408188],
      [-4.344663930051788, 182.77628020751806, 1.549056845095616]
    ],
    "fundamental_matrix": [
      [-8.603389787980885e-9, 2.890823755227712e-7, -0.0002739320125124575],
      [8.410456486592994e-8, 1.084767629694079e-8, -0.0007818428741137033],
      [-8.357841298713144e-5, -0.0001936705598246269, 1.0]
    ],
    "reprojection_error": 0.5839885339141655,
    "num_valid_pairs": 25
  },
  "stereo_right": {
    "rotation_matrix": [
      [0.44244884250309907, 0.0490364566523282, -0.8954520912291467],
      [-0.04013237827210425, 0.9985862758568937, 0.03485458197259439],
      [0.8958953141868152, 0.020515252600051152, 0.44379129151985797]
    ],
    "translation_vector": [
      [-135.20219484598928],
      [-12.200506904189856],
      [-510.14989526891475]
    ],
    "essential_matrix": [
      [-31.403905538574037, 509.1783875643818, 12.366582626753473],
      [-104.58821783451398, -22.242236046197103, 516.8163472259009],
      [10.824085784487856, -134.4127866109908, -15.637385404546661]
    ],
    "fundamental_matrix": [
      [1.5489125686830455e-7, -2.486401607023656e-6, 0.002111227248557311],
      [5.188476583000669e-7, 1.0924300009641726e-7, -0.005186835566069659],
      [-0.0009314173914081702, 0.005524683413595285, 1.0]
    ],
    "reprojection_error": 0.9161362747557085,
    "num_valid_pairs": 11
  }
}
